{"cameraMode":{"drawMode":0,"name":"Shaded","section":"Shading Mode"},"sceneLighting":true,"audioPlay":false,"sceneViewState":{"showFog":true,"showMaterialUpdate":false,"showSkybox":true,"showFlares":true,"showImageEffects":true,"showParticleSystems":true},"in2DMode":false,"pivot":{"x":134.49996948242188,"y":516.486328125,"z":0.135894775390625},"rotation":{"x":-0.02785439044237137,"y":-0.04887354001402855,"z":0.0015312195755541325,"w":-0.9984793663024902},"size":436.5742492675781,"orthographic":true}