{"cameraMode":{"drawMode":0,"name":"Shaded","section":"Shading Mode"},"sceneLighting":false,"audioPlay":false,"sceneViewState":{"showFog":true,"showMaterialUpdate":false,"showSkybox":false,"showFlares":true,"showImageEffects":true,"showParticleSystems":true},"in2DMode":false,"pivot":{"x":-0.7938156127929688,"y":-4.600059509277344,"z":2.713705062866211},"rotation":{"x":-0.0005970393540337682,"y":-0.13310983777046204,"z":-0.00007582618127344176,"w":0.9911417961120606},"size":70.5838623046875,"orthographic":true}